k,recall@k,n_queries,pct_queries_with_hit,method
5,0.7217777777777776,300,74.66666666666667,bm25
10,0.7756666666666666,300,79.66666666666667,bm25
20,0.8316111111111111,300,85.0,bm25
50,0.8657222222222223,300,87.33333333333333,bm25
100,0.8763888888888888,300,88.66666666666667,bm25
5,0.7379444444444444,300,75.33333333333333,dense
10,0.7866666666666666,300,79.66666666666667,dense
20,0.8373333333333334,300,84.66666666666667,dense
50,0.8920000000000001,300,90.0,dense
100,0.925,300,92.66666666666667,dense
5,0.7461666666666666,300,76.66666666666667,hybrid
10,0.8025555555555555,300,81.66666666666667,hybrid
20,0.8730555555555555,300,88.66666666666667,hybrid
50,0.9396666666666665,300,94.33333333333333,hybrid
100,0.9570000000000001,300,96.0,hybrid
