query_id,ndcg@5_stage1,ndcg@5_ce,ndcg_delta
985,1.0,1.0,0.0
770,1.0,1.0,0.0
971,0.5143371794949736,0.9558295932317544,0.44149241373678083
142,1.0,1.0,0.0
132,0.0,0.0,0.0
1012,1.0,1.0,0.0
314,0.0,0.0,0.0
236,1.0,1.0,0.0
137,1.0,1.0,0.0
475,0.0,0.38685280723454163,0.38685280723454163
72,1.0,1.0,0.0
921,1.0,1.0,0.0
219,1.0,1.0,0.0
1280,0.0,0.0,0.0
1337,0.6309297535714575,0.6309297535714575,0.0
1099,0.6309297535714575,0.43067655807339306,-0.20025319549806447
218,1.0,1.0,0.0
421,0.0,0.0,0.0
1191,0.0,0.0,0.0
57,1.0,1.0,0.0
411,1.0,1.0,0.0
1144,1.0,1.0,0.0
386,1.0,1.0,0.0
577,0.0,0.0,0.0
1062,1.0,1.0,0.0
1130,1.0,1.0,0.0
1020,0.5,0.6309297535714575,0.13092975357145753
1339,1.0,1.0,0.0
295,1.0,1.0,0.0
691,0.6309297535714575,0.6309297535714575,0.0
593,1.0,1.0,0.0
5,1.0,1.0,0.0
1175,0.0,0.0,0.0
744,0.6309297535714575,0.6309297535714575,0.0
180,1.0,1.0,0.0
1379,0.6366824387328317,0.7095272044910244,0.07284476575819265
784,1.0,1.0,0.0
914,0.0,0.0,0.0
960,1.0,1.0,0.0
384,0.0,0.0,0.0
1395,0.0,0.6309297535714575,0.6309297535714575
431,0.0,0.0,0.0
903,1.0,1.0,0.0
268,1.0,0.6309297535714575,-0.36907024642854247
814,1.0,1.0,0.0
637,0.6309297535714575,0.6309297535714575,0.0
1303,1.0,1.0,0.0
1335,1.0,1.0,0.0
544,0.0,0.38685280723454163,0.38685280723454163
179,0.6366824387328317,0.5585075862632192,-0.07817485246961253
718,1.0,0.6309297535714575,-0.36907024642854247
727,0.6309297535714575,0.0,-0.6309297535714575
294,1.0,1.0,0.0
324,1.0,0.0,-1.0
1163,1.0,1.0,0.0
1245,0.6309297535714575,0.0,-0.6309297535714575
837,1.0,0.6309297535714575,-0.36907024642854247
536,1.0,1.0,0.0
130,1.0,1.0,0.0
723,1.0,1.0,0.0
936,1.0,1.0,0.0
1107,1.0,1.0,0.0
1225,1.0,1.0,0.0
1221,0.0,0.0,0.0
1270,1.0,1.0,0.0
1370,0.6309297535714575,0.6309297535714575,0.0
146,1.0,1.0,0.0
1368,0.0,1.0,1.0
904,1.0,1.0,0.0
873,0.0,0.0,0.0
1187,1.0,1.0,0.0
1185,1.0,1.0,0.0
185,1.0,0.43067655807339306,-0.5693234419266069
327,1.0,1.0,0.0
1259,1.0,1.0,0.0
1266,0.6309297535714575,0.5,-0.13092975357145753
1180,0.43067655807339306,1.0,0.5693234419266069
716,0.0,0.0,0.0
1194,0.6309297535714575,1.0,0.36907024642854247
232,0.6309297535714575,0.6309297535714575,0.0
1226,0.0,0.0,0.0
237,1.0,0.43067655807339306,-0.5693234419266069
1262,1.0,1.0,0.0
1199,0.0,0.0,0.0
692,1.0,1.0,0.0
587,0.38685280723454163,0.6309297535714575,0.2440769463369159
1137,1.0,1.0,0.0
1179,0.0,0.0,0.0
1271,1.0,1.0,0.0
1202,1.0,0.6309297535714575,-0.36907024642854247
300,0.6309297535714575,0.5,-0.13092975357145753
887,0.0,0.0,0.0
129,1.0,1.0,0.0
805,1.0,1.0,0.0
212,1.0,0.5,-0.5
811,1.0,1.0,0.0
834,0.0,0.0,0.0
1319,0.6309297535714575,1.0,0.36907024642854247
982,1.0,1.0,0.0
118,1.0,1.0,0.0
1352,1.0,1.0,0.0
808,1.0,1.0,0.0
517,0.0,0.0,0.0
1216,1.0,1.0,0.0
514,0.6309297535714575,0.5,-0.13092975357145753
1320,1.0,1.0,0.0
527,0.5,0.0,-0.5
439,1.0,1.0,0.0
569,1.0,1.0,0.0
362,1.0,1.0,0.0
148,1.0,1.0,0.0
1232,1.0,1.0,0.0
1298,1.0,1.0,0.0
507,1.0,0.6309297535714575,-0.36907024642854247
269,1.0,0.6309297535714575,-0.36907024642854247
832,1.0,1.0,0.0
859,0.6309297535714575,0.5,-0.13092975357145753
216,1.0,1.0,0.0
1150,1.0,1.0,0.0
957,0.6309297535714575,1.0,0.36907024642854247
443,1.0,1.0,0.0
113,1.0,1.0,0.0
350,1.0,1.0,0.0
768,0.5,0.0,-0.5
213,0.38685280723454163,0.0,-0.38685280723454163
743,0.5,1.0,0.5
644,0.0,1.0,1.0
911,1.0,1.0,0.0
1241,0.0,0.0,0.0
124,1.0,1.0,0.0
1382,0.43067655807339306,1.0,0.5693234419266069
800,0.0,0.0,0.0
956,0.6309297535714575,1.0,0.36907024642854247
42,1.0,1.0,0.0
436,1.0,1.0,0.0
907,1.0,1.0,0.0
249,1.0,1.0,0.0
239,0.0,0.0,0.0
248,1.0,1.0,0.0
115,1.0,1.0,0.0
508,0.0,0.0,0.0
839,1.0,1.0,0.0
552,1.0,1.0,0.0
636,0.6309297535714575,1.0,0.36907024642854247
715,0.0,0.43067655807339306,0.43067655807339306
1281,0.0,0.0,0.0
415,0.0,0.0,0.0
551,0.6309297535714575,0.5,-0.13092975357145753
298,1.0,1.0,0.0
759,1.0,1.0,0.0
820,0.0,0.0,0.0
399,1.0,1.0,0.0
238,0.43067655807339306,0.0,-0.43067655807339306
821,0.0,0.0,0.0
1140,0.5,1.0,0.5
516,1.0,1.0,0.0
274,1.0,1.0,0.0
847,1.0,1.0,0.0
478,1.0,1.0,0.0
913,0.0,0.0,0.0
533,1.0,1.0,0.0
870,0.0,0.0,0.0
56,1.0,1.0,0.0
1336,1.0,1.0,0.0
1332,0.0,0.0,0.0
1121,1.0,1.0,0.0
1197,0.0,0.43067655807339306,0.43067655807339306
127,1.0,0.6309297535714575,-0.36907024642854247
793,1.0,1.0,0.0
690,0.0,0.0,0.0
521,1.0,1.0,0.0
967,1.0,0.9197207891481876,-0.08027921085181244
1207,1.0,1.0,0.0
830,0.0,0.0,0.0
502,0.0,0.0,0.0
99,1.0,1.0,0.0
1279,0.0,0.0,0.0
452,0.23719771276929622,0.38685280723454163,0.14965509446524541
1014,1.0,1.0,0.0
163,1.0,0.6309297535714575,-0.36907024642854247
554,0.38685280723454163,0.0,-0.38685280723454163
578,1.0,1.0,0.0
729,0.6309297535714575,1.0,0.36907024642854247
1290,1.0,1.0,0.0
880,1.0,1.0,0.0
491,1.0,1.0,0.0
1292,1.0,0.5,-0.5
589,1.0,1.0,0.0
532,1.0,1.0,0.0
528,1.0,0.5,-0.5
721,1.0,1.0,0.0
1024,0.0,1.0,1.0
1196,0.0,0.43067655807339306,0.43067655807339306
133,0.6843515475204855,0.5147714448836774,-0.16958010263680812
53,1.0,1.0,0.0
1088,0.0,1.0,1.0
619,0.6131471927654584,0.6131471927654584,0.0
75,1.0,1.0,0.0
728,0.6934264036172708,0.6131471927654584,-0.08027921085181244
598,0.0,0.0,0.0
628,0.6309297535714575,1.0,0.36907024642854247
70,0.6509209298071326,0.0,-0.6509209298071326
343,0.9197207891481876,0.5706417189553201,-0.34907907019286744
845,0.6309297535714575,1.0,0.36907024642854247
975,0.0,0.0,0.0
338,1.0,1.0,0.0
440,1.0,1.0,0.0
1213,0.0,0.0,0.0
1389,1.0,1.0,0.0
217,1.0,1.0,0.0
1200,0.0,0.0,0.0
1019,0.6309297535714575,0.6309297535714575,0.0
354,1.0,1.0,0.0
993,1.0,1.0,0.0
513,1.0,0.6309297535714575,-0.36907024642854247
613,1.0,1.0,0.0
1363,0.0,0.5,0.5
1273,1.0,1.0,0.0
1089,1.0,1.0,0.0
823,1.0,1.0,0.0
597,0.6713860725233041,0.8529278650606567,0.1815417925373526
312,0.0,0.0,0.0
1385,1.0,1.0,0.0
198,0.5,0.0,-0.5
501,1.0,1.0,0.0
1316,0.0,0.0,0.0
575,0.6309297535714575,1.0,0.36907024642854247
882,1.0,1.0,0.0
13,0.0,0.0,0.0
785,0.0,0.0,0.0
143,1.0,1.0,0.0
410,1.0,1.0,0.0
700,0.6309297535714575,0.0,-0.6309297535714575
1110,0.0,0.0,0.0
230,1.0,1.0,0.0
51,1.0,0.6309297535714575,-0.36907024642854247
1282,1.0,1.0,0.0
756,0.38685280723454163,0.38685280723454163,0.0
674,0.5,1.0,0.5
525,1.0,1.0,0.0
1278,0.0,0.0,0.0
1100,0.6309297535714575,0.43067655807339306,-0.20025319549806447
100,1.0,1.0,0.0
385,0.6934264036172708,0.6934264036172708,0.0
141,1.0,0.9197207891481876,-0.08027921085181244
535,0.0,0.0,0.0
1272,0.38685280723454163,0.43067655807339306,0.04382375083885143
94,1.0,0.0,-1.0
540,0.3065735963827292,0.3065735963827292,0.0
684,1.0,0.43067655807339306,-0.5693234419266069
660,0.0,0.0,0.0
208,1.0,1.0,0.0
380,1.0,1.0,0.0
775,0.0,0.0,0.0
549,1.0,1.0,0.0
922,1.0,1.0,0.0
1086,1.0,1.0,0.0
659,1.0,0.0,-1.0
3,1.0,1.0,0.0
128,0.0,0.0,0.0
303,0.0,0.0,0.0
539,1.0,1.0,0.0
1029,0.7653606369886217,0.7653606369886217,0.0
1362,0.0,0.0,0.0
48,0.0,0.5,0.5
1049,0.0,0.0,0.0
437,0.0,0.0,0.0
1104,1.0,1.0,0.0
388,0.6309297535714575,0.5,-0.13092975357145753
852,1.0,0.6309297535714575,-0.36907024642854247
623,0.0,0.0,0.0
693,1.0,1.0,0.0
1021,0.5,0.6309297535714575,0.13092975357145753
50,1.0,1.0,0.0
1132,0.2640681225725909,0.6131471927654584,0.3490790701928675
831,0.0,0.0,0.0
1146,1.0,1.0,0.0
233,1.0,1.0,0.0
1359,0.6309297535714575,1.0,0.36907024642854247
54,0.5,0.0,-0.5
1,0.0,0.0,0.0
1344,1.0,0.5,-0.5
641,0.6131471927654584,0.6131471927654584,0.0
1274,0.7328286204777911,0.7653606369886217,0.0325320165108306
1041,0.0,0.0,0.0
879,1.0,1.0,0.0
279,1.0,1.0,0.0
1204,1.0,1.0,0.0
49,1.0,1.0,0.0
36,0.3065735963827292,0.0,-0.3065735963827292
183,0.6309297535714575,1.0,0.36907024642854247
261,0.23719771276929622,0.38685280723454163,0.14965509446524541
781,0.6309297535714575,0.6309297535714575,0.0
275,0.4776237035032179,0.7039180890341347,0.22629438553091674
742,1.0,1.0,0.0
649,1.0,1.0,0.0
783,0.0,0.0,0.0
171,1.0,1.0,0.0
560,0.0,0.0,0.0
702,0.5,0.0,-0.5
